,Task_1,Task_2,Task_3,Task_4,Task_5,Task_6,Task_7,Task_8,Task_9,Task_10,Task_11,Task_12,Task_13,Task_14,Task_15,Task_16,Task_17,Task_18,Task_19,Task_20,Task_21,Task_22,Task_23,Task_24,Task_25,Task_26,Task_27,Task_28,Task_29,Task_30,Task_31,Task_32,Task_33,Task_34,Task_35,Task_36,Task_37,Task_38,Task_39,Task_40,Task_41,Task_42,Task_43,Task_44,Task_45,Task_46,Task_47,Task_48,Task_49,Task_50,Task_51,Task_52,Task_53,Task_54,Task_55,Task_56,Task_57,Task_58,Task_59,Task_60,Task_61,Task_62,Task_63,Task_64,Task_65,Task_66,Task_67,Task_68,Task_69,Task_70,Task_71,Task_72,Task_73,Task_74,Task_75,Task_76,Task_77,Task_78,Task_79,Task_80,Task_81,Task_82,Task_83,Task_84,Task_85,Task_86,Task_87,Task_88,Task_89,Task_90,Task_91,Task_92,Task_93,Task_94,Task_95,Task_96,Task_97,Task_98,Task_99,Task_100,Task_101,Task_102,Task_103,Task_104,Task_105,Task_106,Task_107,Task_108,Task_109,Task_110,Task_111,Task_112,Task_113,Task_114,Task_115,Task_116,Task_117,Task_118,Task_119,Task_120,Task_121,Task_122,Task_123,Task_124,Task_125,Task_126,Task_127,Task_128,Task_129,Task_130,Task_131,Task_132,Task_133,Task_134,Task_135,Task_136,Task_137,Task_138,Task_139,Task_140,Task_141,Task_142,Task_143,Task_144,Task_145,Task_146,Task_147,Task_148,Task_149,Task_150,Task_151,Task_152,Task_153,Task_154,Task_155,Task_156,Task_157,Task_158,Task_159,Task_160,Task_161,Task_162,Task_163,Task_164,Task_165,Task_166,Task_167,Task_168,Task_169,Task_170,Task_171,Task_172,Task_173,Task_174,Task_175,Task_176,Task_177,Task_178,Task_179,Task_180,Task_181,Task_182,Task_183,Task_184,Task_185,Task_186,Task_187,Task_188,Task_189,Task_190,Task_191,Task_192,Task_193,Task_194,Task_195,Task_196,Task_197,Task_198,Task_199,Task_200,Task_201,Task_202,Task_203,Task_204,Task_205,Task_206,Task_207,Task_208,Task_209,Task_210,Task_211,Task_212,Task_213,Task_214,Task_215,Task_216,Task_217,Task_218,Task_219,Task_220,Task_221,Task_222,Task_223,Task_224,Task_225,Task_226,Task_227,Task_228,Task_229,Task_230,Task_231,Task_232,Task_233,Task_234,Task_235,Task_236,Task_237,Task_238,Task_239,Task_240,Task_241,Task_242,Task_243,Task_244,Task_245,Task_246,Task_247,Task_248,Task_249,Task_250,Task_251,Task_252,Task_253,Task_254,Task_255,Task_256,Task_257,Task_258,Task_259,Task_260,Task_261,Task_262,Task_263,Task_264,Task_265,Task_266,Task_267,Task_268,Task_269,Task_270,Task_271,Task_272,Task_273,Task_274,Task_275,Task_276,Task_277,Task_278,Task_279,Task_280
Node_1,9.5336,6.957,6.4416,6.4416,17.7789,15.4599,13.9139,16.7483,16.2329,17.5213,7.4723,15.9753,12.3679,9.0183,11.0796,19.3249,5.411,23.4476,6.184,2.5767,16.4906,9.5336,24.2206,18.5519,19.5826,23.9629,21.3862,6.957,7.2146,19.8402,19.3249,7.2146,20.3556,22.9322,3.3497,2.319,7.2146,20.0979,9.7913,6.6993,16.4906,23.9629,5.1533,9.7913,1.8037,14.4293,1.546,3.6073,15.9753,7.4723,22.1592,23.9629,13.9139,14.4293,10.049,9.7913,19.3249,12.3679,4.1226,25.7666,11.5949,23.1899,12.6256,21.9016,12.1103,25.7666,24.2206,5.411,18.5519,18.0366,0.2577,3.092,8.7606,25.5089,18.8096,1.0307,19.8402,3.865,13.6563,13.6563,15.4599,9.7913,18.5519,21.3862,16.7483,22.6746,8.503,24.2206,14.9446,6.957,10.3066,16.7483,23.7052,14.1716,10.822,1.0307,2.8343,23.1899,20.6132,21.3862,14.9446,14.9446,10.822,12.3679,7.2146,19.5826,18.0366,17.2636,24.4782,21.3862,15.9753,12.8833,6.4416,7.73,10.5643,25.5089,0.2577,3.092,23.4476,14.1716,8.2453,17.0059,24.7359,15.4599,23.4476,11.5949,7.2146,4.8956,25.2512,9.5336,3.092,18.5519,24.4782,0.773,16.4906,20.6132,20.6132,21.6439,2.8343,3.092,14.1716,19.5826,3.3497,24.7359,21.6439,9.7913,14.6869,4.638,18.8096,15.4599,20.6132,18.0366,11.0796,6.4416,20.3556,25.2512,14.6869,6.184,20.8709,11.0796,9.5336,10.822,12.8833,1.0307,24.7359,24.4782,8.7606,4.3803,18.5519,15.2023,10.3066,21.9016,0.773,24.2206,5.9263,24.2206,18.8096,14.1716,8.503,23.9629,9.276,21.6439,17.0059,2.0613,23.9629,10.3066,0.2577,4.3803,18.2943,18.0366,4.638,13.6563,18.8096,10.5643,14.6869,6.4416,19.0673,13.9139,24.4782,4.3803,7.2146,0.773,21.9016,0.773,22.9322,7.4723,22.1592,9.0183,11.3373,10.822,14.9446,15.7176,1.546,20.0979,16.2329,10.822,21.6439,21.6439,5.411,22.1592,23.1899,23.9629,14.4293,12.1103,21.1286,18.8096,20.6132,20.0979,2.319,0.2577,11.0796,5.9263,18.0366,24.7359,10.3066,14.1716,21.3862,15.9753,12.3679,12.6256,9.5336,7.4723,4.1226,21.9016,18.2943,6.4416,19.5826,15.2023,21.1286,17.5213,24.2206,1.8037,13.6563,19.3249,0.5153,19.0673,7.73,2.319,20.8709,17.7789,17.2636,23.1899,24.7359,25.2512,2.319,13.6563,10.822,11.3373,16.2329,24.7359,7.73,16.7483,21.6439,7.73,14.1716,12.8833,13.1409,7.9876,3.865,16.2329
Node_2,7.4717,5.4523,5.0485,5.0485,13.9338,12.1163,10.9047,13.126,12.7221,13.7318,5.8562,12.5202,9.6931,7.0679,8.6834,15.1454,4.2407,18.3764,4.8465,2.0194,12.9241,7.4717,18.9822,14.5396,15.3473,18.7803,16.7609,5.4523,5.6543,15.5493,15.1454,5.6543,15.9532,17.9725,2.6252,1.8174,5.6543,15.7512,7.6737,5.2504,12.9241,18.7803,4.0388,7.6737,1.4136,11.3086,1.2116,2.8271,12.5202,5.8562,17.3667,18.7803,10.9047,11.3086,7.8756,7.6737,15.1454,9.6931,3.231,20.1939,9.0872,18.1745,9.895,17.1648,9.4911,20.1939,18.9822,4.2407,14.5396,14.1357,0.2019,2.4233,6.8659,19.9919,14.7415,0.8078,15.5493,3.0291,10.7027,10.7027,12.1163,7.6737,14.5396,16.7609,13.126,17.7706,6.664,18.9822,11.7124,5.4523,8.0775,13.126,18.5784,11.1066,8.4814,0.8078,2.2213,18.1745,16.1551,16.7609,11.7124,11.7124,8.4814,9.6931,5.6543,15.3473,14.1357,13.5299,19.1842,16.7609,12.5202,10.0969,5.0485,6.0582,8.2795,19.9919,0.2019,2.4233,18.3764,11.1066,6.462,13.3279,19.3861,12.1163,18.3764,9.0872,5.6543,3.8368,19.79,7.4717,2.4233,14.5396,19.1842,0.6058,12.9241,16.1551,16.1551,16.9628,2.2213,2.4233,11.1066,15.3473,2.6252,19.3861,16.9628,7.6737,11.5105,3.6349,14.7415,12.1163,16.1551,14.1357,8.6834,5.0485,15.9532,19.79,11.5105,4.8465,16.357,8.6834,7.4717,8.4814,10.0969,0.8078,19.3861,19.1842,6.8659,3.433,14.5396,11.9144,8.0775,17.1648,0.6058,18.9822,4.6446,18.9822,14.7415,11.1066,6.664,18.7803,7.2698,16.9628,13.3279,1.6155,18.7803,8.0775,0.2019,3.433,14.3376,14.1357,3.6349,10.7027,14.7415,8.2795,11.5105,5.0485,14.9435,10.9047,19.1842,3.433,5.6543,0.6058,17.1648,0.6058,17.9725,5.8562,17.3667,7.0679,8.8853,8.4814,11.7124,12.3183,1.2116,15.7512,12.7221,8.4814,16.9628,16.9628,4.2407,17.3667,18.1745,18.7803,11.3086,9.4911,16.559,14.7415,16.1551,15.7512,1.8174,0.2019,8.6834,4.6446,14.1357,19.3861,8.0775,11.1066,16.7609,12.5202,9.6931,9.895,7.4717,5.8562,3.231,17.1648,14.3376,5.0485,15.3473,11.9144,16.559,13.7318,18.9822,1.4136,10.7027,15.1454,0.4039,14.9435,6.0582,1.8174,16.357,13.9338,13.5299,18.1745,19.3861,19.79,1.8174,10.7027,8.4814,8.8853,12.7221,19.3861,6.0582,13.126,16.9628,6.0582,11.1066,10.0969,10.2989,6.2601,3.0291,12.7221
Node_3,7.621,5.5613,5.1493,5.1493,14.2122,12.3584,11.1226,13.3883,12.9763,14.0062,5.9732,12.7703,9.8867,7.2091,8.8568,15.448,4.3254,18.7436,4.9434,2.0597,13.1823,7.621,19.3615,14.8301,15.654,19.1555,17.0958,5.5613,5.7673,15.8599,15.448,5.7673,16.2719,18.3316,2.6777,1.8538,5.7673,16.0659,7.827,5.3553,13.1823,19.1555,4.1195,7.827,1.4418,11.5345,1.2358,2.8836,12.7703,5.9732,17.7137,19.1555,11.1226,11.5345,8.033,7.827,15.448,9.8867,3.2956,20.5973,9.2688,18.5376,10.0927,17.5077,9.6807,20.5973,19.3615,4.3254,14.8301,14.4181,0.206,2.4717,7.0031,20.3913,15.036,0.8239,15.8599,3.0896,10.9166,10.9166,12.3584,7.827,14.8301,17.0958,13.3883,18.1256,6.7971,19.3615,11.9464,5.5613,8.2389,13.3883,18.9495,11.3285,8.6509,0.8239,2.2657,18.5376,16.4779,17.0958,11.9464,11.9464,8.6509,9.8867,5.7673,15.654,14.4181,13.8002,19.5675,17.0958,12.7703,10.2987,5.1493,6.1792,8.4449,20.3913,0.206,2.4717,18.7436,11.3285,6.5911,13.5942,19.7734,12.3584,18.7436,9.2688,5.7673,3.9135,20.1854,7.621,2.4717,14.8301,19.5675,0.6179,13.1823,16.4779,16.4779,17.3018,2.2657,2.4717,11.3285,15.654,2.6777,19.7734,17.3018,7.827,11.7405,3.7075,15.036,12.3584,16.4779,14.4181,8.8568,5.1493,16.2719,20.1854,11.7405,4.9434,16.6838,8.8568,7.621,8.6509,10.2987,0.8239,19.7734,19.5675,7.0031,3.5015,14.8301,12.1524,8.2389,17.5077,0.6179,19.3615,4.7374,19.3615,15.036,11.3285,6.7971,19.1555,7.415,17.3018,13.5942,1.6478,19.1555,8.2389,0.206,3.5015,14.6241,14.4181,3.7075,10.9166,15.036,8.4449,11.7405,5.1493,15.242,11.1226,19.5675,3.5015,5.7673,0.6179,17.5077,0.6179,18.3316,5.9732,17.7137,7.2091,9.0628,8.6509,11.9464,12.5644,1.2358,16.0659,12.9763,8.6509,17.3018,17.3018,4.3254,17.7137,18.5376,19.1555,11.5345,9.6807,16.8898,15.036,16.4779,16.0659,1.8538,0.206,8.8568,4.7374,14.4181,19.7734,8.2389,11.3285,17.0958,12.7703,9.8867,10.0927,7.621,5.9732,3.2956,17.5077,14.6241,5.1493,15.654,12.1524,16.8898,14.0062,19.3615,1.4418,10.9166,15.448,0.4119,15.242,6.1792,1.8538,16.6838,14.2122,13.8002,18.5376,19.7734,20.1854,1.8538,10.9166,8.6509,9.0628,12.9763,19.7734,6.1792,13.3883,17.3018,6.1792,11.3285,10.2987,10.5046,6.3852,3.0896,12.9763
Node_4,36.8526,26.8924,24.9004,24.9004,68.7251,59.761,53.7849,64.741,62.749,67.7291,28.8845,61.753,47.8088,34.8606,42.8287,74.7012,20.9163,90.6375,23.9044,9.9602,63.745,36.8526,93.6255,71.7131,75.6972,92.6295,82.6693,26.8924,27.8884,76.6932,74.7012,27.8884,78.6853,88.6454,12.9482,8.9641,27.8884,77.6892,37.8486,25.8964,63.745,92.6295,19.9203,37.8486,6.9721,55.7769,5.9761,13.9442,61.753,28.8845,85.6574,92.6295,53.7849,55.7769,38.8446,37.8486,74.7012,47.8088,15.9363,99.6016,44.8207,89.6414,48.8048,84.6614,46.8127,99.6016,93.6255,20.9163,71.7131,69.7211,0.996,11.9522,33.8645,98.6056,72.7092,3.9841,76.6932,14.9402,52.7888,52.7888,59.761,37.8486,71.7131,82.6693,64.741,87.6494,32.8685,93.6255,57.7689,26.8924,39.8406,64.741,91.6335,54.7809,41.8327,3.9841,10.9562,89.6414,79.6813,82.6693,57.7689,57.7689,41.8327,47.8088,27.8884,75.6972,69.7211,66.7331,94.6215,82.6693,61.753,49.8008,24.9004,29.8805,40.8367,98.6056,0.996,11.9522,90.6375,54.7809,31.8725,65.7371,95.6175,59.761,90.6375,44.8207,27.8884,18.9243,97.6096,36.8526,11.9522,71.7131,94.6215,2.988,63.745,79.6813,79.6813,83.6653,10.9562,11.9522,54.7809,75.6972,12.9482,95.6175,83.6653,37.8486,56.7729,17.9283,72.7092,59.761,79.6813,69.7211,42.8287,24.9004,78.6853,97.6096,56.7729,23.9044,80.6773,42.8287,36.8526,41.8327,49.8008,3.9841,95.6175,94.6215,33.8645,16.9323,71.7131,58.7649,39.8406,84.6614,2.988,93.6255,22.9084,93.6255,72.7092,54.7809,32.8685,92.6295,35.8566,83.6653,65.7371,7.9681,92.6295,39.8406,0.996,16.9323,70.7171,69.7211,17.9283,52.7888,72.7092,40.8367,56.7729,24.9004,73.7052,53.7849,94.6215,16.9323,27.8884,2.988,84.6614,2.988,88.6454,28.8845,85.6574,34.8606,43.8247,41.8327,57.7689,60.757,5.9761,77.6892,62.749,41.8327,83.6653,83.6653,20.9163,85.6574,89.6414,92.6295,55.7769,46.8127,81.6733,72.7092,79.6813,77.6892,8.9641,0.996,42.8287,22.9084,69.7211,95.6175,39.8406,54.7809,82.6693,61.753,47.8088,48.8048,36.8526,28.8845,15.9363,84.6614,70.7171,24.9004,75.6972,58.7649,81.6733,67.7291,93.6255,6.9721,52.7888,74.7012,1.992,73.7052,29.8805,8.9641,80.6773,68.7251,66.7331,89.6414,95.6175,97.6096,8.9641,52.7888,41.8327,43.8247,62.749,95.6175,29.8805,64.741,83.6653,29.8805,54.7809,49.8008,50.7968,30.8765,14.9402,62.749
Node_5,55.2239,40.2985,37.3134,37.3134,102.9851,89.5522,80.597,97.0149,94.0299,101.4925,43.2836,92.5373,71.6418,52.2388,64.1791,111.9403,31.3433,135.8209,35.8209,14.9254,95.5224,55.2239,140.2985,107.4627,113.4328,138.806,123.8806,40.2985,41.791,114.9254,111.9403,41.791,117.9104,132.8358,19.403,13.4328,41.791,116.4179,56.7164,38.806,95.5224,138.806,29.8507,56.7164,10.4478,83.5821,8.9552,20.8955,92.5373,43.2836,128.3582,138.806,80.597,83.5821,58.209,56.7164,111.9403,71.6418,23.8806,149.2537,67.1642,134.3284,73.1343,126.8657,70.1493,149.2537,140.2985,31.3433,107.4627,104.4776,1.4925,17.9104,50.7463,147.7612,108.9552,5.9701,114.9254,22.3881,79.1045,79.1045,89.5522,56.7164,107.4627,123.8806,97.0149,131.3433,49.2537,140.2985,86.5672,40.2985,59.7015,97.0149,137.3134,82.0896,62.6866,5.9701,16.4179,134.3284,119.403,123.8806,86.5672,86.5672,62.6866,71.6418,41.791,113.4328,104.4776,100,141.791,123.8806,92.5373,74.6269,37.3134,44.7761,61.194,147.7612,1.4925,17.9104,135.8209,82.0896,47.7612,98.5075,143.2836,89.5522,135.8209,67.1642,41.791,28.3582,146.2687,55.2239,17.9104,107.4627,141.791,4.4776,95.5224,119.403,119.403,125.3731,16.4179,17.9104,82.0896,113.4328,19.403,143.2836,125.3731,56.7164,85.0746,26.8657,108.9552,89.5522,119.403,104.4776,64.1791,37.3134,117.9104,146.2687,85.0746,35.8209,120.8955,64.1791,55.2239,62.6866,74.6269,5.9701,143.2836,141.791,50.7463,25.3731,107.4627,88.0597,59.7015,126.8657,4.4776,140.2985,34.3284,140.2985,108.9552,82.0896,49.2537,138.806,53.7313,125.3731,98.5075,11.9403,138.806,59.7015,1.4925,25.3731,105.9701,104.4776,26.8657,79.1045,108.9552,61.194,85.0746,37.3134,110.4478,80.597,141.791,25.3731,41.791,4.4776,126.8657,4.4776,132.8358,43.2836,128.3582,52.2388,65.6716,62.6866,86.5672,91.0448,8.9552,116.4179,94.0299,62.6866,125.3731,125.3731,31.3433,128.3582,134.3284,138.806,83.5821,70.1493,122.3881,108.9552,119.403,116.4179,13.4328,1.4925,64.1791,34.3284,104.4776,143.2836,59.7015,82.0896,123.8806,92.5373,71.6418,73.1343,55.2239,43.2836,23.8806,126.8657,105.9701,37.3134,113.4328,88.0597,122.3881,101.4925,140.2985,10.4478,79.1045,111.9403,2.9851,110.4478,44.7761,13.4328,120.8955,102.9851,100,134.3284,143.2836,146.2687,13.4328,79.1045,62.6866,65.6716,94.0299,143.2836,44.7761,97.0149,125.3731,44.7761,82.0896,74.6269,76.1194,46.2687,22.3881,94.0299
Node_6,26.5233,19.3548,17.9211,17.9211,49.4624,43.0108,38.7097,46.595,45.1613,48.7455,20.7885,44.4444,34.4086,25.0896,30.8244,53.7634,15.0538,65.233,17.2043,7.1685,45.8781,26.5233,67.3835,51.6129,54.4803,66.6667,59.4982,19.3548,20.0717,55.1971,53.7634,20.0717,56.6308,63.7993,9.319,6.4516,20.0717,55.914,27.2401,18.638,45.8781,66.6667,14.3369,27.2401,5.0179,40.1434,4.3011,10.0358,44.4444,20.7885,61.6487,66.6667,38.7097,40.1434,27.957,27.2401,53.7634,34.4086,11.4695,71.6846,32.2581,64.5161,35.1254,60.9319,33.6918,71.6846,67.3835,15.0538,51.6129,50.1792,0.7168,8.6022,24.3728,70.9677,52.3297,2.8674,55.1971,10.7527,37.9928,37.9928,43.0108,27.2401,51.6129,59.4982,46.595,63.0824,23.6559,67.3835,41.5771,19.3548,28.6738,46.595,65.9498,39.4265,30.1075,2.8674,7.8853,64.5161,57.3477,59.4982,41.5771,41.5771,30.1075,34.4086,20.0717,54.4803,50.1792,48.0287,68.1004,59.4982,44.4444,35.8423,17.9211,21.5054,29.3907,70.9677,0.7168,8.6022,65.233,39.4265,22.9391,47.3118,68.8172,43.0108,65.233,32.2581,20.0717,13.6201,70.2509,26.5233,8.6022,51.6129,68.1004,2.1505,45.8781,57.3477,57.3477,60.2151,7.8853,8.6022,39.4265,54.4803,9.319,68.8172,60.2151,27.2401,40.8602,12.9032,52.3297,43.0108,57.3477,50.1792,30.8244,17.9211,56.6308,70.2509,40.8602,17.2043,58.0645,30.8244,26.5233,30.1075,35.8423,2.8674,68.8172,68.1004,24.3728,12.1864,51.6129,42.2939,28.6738,60.9319,2.1505,67.3835,16.4875,67.3835,52.3297,39.4265,23.6559,66.6667,25.8065,60.2151,47.3118,5.7348,66.6667,28.6738,0.7168,12.1864,50.8961,50.1792,12.9032,37.9928,52.3297,29.3907,40.8602,17.9211,53.0466,38.7097,68.1004,12.1864,20.0717,2.1505,60.9319,2.1505,63.7993,20.7885,61.6487,25.0896,31.5412,30.1075,41.5771,43.7276,4.3011,55.914,45.1613,30.1075,60.2151,60.2151,15.0538,61.6487,64.5161,66.6667,40.1434,33.6918,58.7814,52.3297,57.3477,55.914,6.4516,0.7168,30.8244,16.4875,50.1792,68.8172,28.6738,39.4265,59.4982,44.4444,34.4086,35.1254,26.5233,20.7885,11.4695,60.9319,50.8961,17.9211,54.4803,42.2939,58.7814,48.7455,67.3835,5.0179,37.9928,53.7634,1.4337,53.0466,21.5054,6.4516,58.0645,49.4624,48.0287,64.5161,68.8172,70.2509,6.4516,37.9928,30.1075,31.5412,45.1613,68.8172,21.5054,46.595,60.2151,21.5054,39.4265,35.8423,36.5591,22.2222,10.7527,45.1613
Node_7,56.5749,41.2844,38.2263,38.2263,105.5046,91.7431,82.5688,99.3884,96.3303,103.9755,44.3425,94.8012,73.3945,53.5168,65.7492,114.6789,32.1101,139.1437,36.6972,15.2905,97.8593,56.5749,143.7309,110.0917,116.208,142.2018,126.9113,41.2844,42.8135,117.737,114.6789,42.8135,120.7951,136.0856,19.8777,13.7615,42.8135,119.2661,58.104,39.7554,97.8593,142.2018,30.581,58.104,10.7034,85.6269,9.1743,21.4067,94.8012,44.3425,131.4985,142.2018,82.5688,85.6269,59.633,58.104,114.6789,73.3945,24.4648,152.9052,68.8073,137.6147,74.9235,129.9694,71.8654,152.9052,143.7309,32.1101,110.0917,107.0336,1.5291,18.3486,51.9878,151.3761,111.6208,6.1162,117.737,22.9358,81.0398,81.0398,91.7431,58.104,110.0917,126.9113,99.3884,134.5566,50.4587,143.7309,88.685,41.2844,61.1621,99.3884,140.6728,84.0979,64.2202,6.1162,16.8196,137.6147,122.3242,126.9113,88.685,88.685,64.2202,73.3945,42.8135,116.208,107.0336,102.4465,145.2599,126.9113,94.8012,76.4526,38.2263,45.8716,62.6911,151.3761,1.5291,18.3486,139.1437,84.0979,48.9297,100.9174,146.789,91.7431,139.1437,68.8073,42.8135,29.052,149.8471,56.5749,18.3486,110.0917,145.2599,4.5872,97.8593,122.3242,122.3242,128.4404,16.8196,18.3486,84.0979,116.208,19.8777,146.789,128.4404,58.104,87.156,27.5229,111.6208,91.7431,122.3242,107.0336,65.7492,38.2263,120.7951,149.8471,87.156,36.6972,123.8532,65.7492,56.5749,64.2202,76.4526,6.1162,146.789,145.2599,51.9878,25.9939,110.0917,90.2141,61.1621,129.9694,4.5872,143.7309,35.1682,143.7309,111.6208,84.0979,50.4587,142.2018,55.0459,128.4404,100.9174,12.2324,142.2018,61.1621,1.5291,25.9939,108.5627,107.0336,27.5229,81.0398,111.6208,62.6911,87.156,38.2263,113.1498,82.5688,145.2599,25.9939,42.8135,4.5872,129.9694,4.5872,136.0856,44.3425,131.4985,53.5168,67.2783,64.2202,88.685,93.2722,9.1743,119.2661,96.3303,64.2202,128.4404,128.4404,32.1101,131.4985,137.6147,142.2018,85.6269,71.8654,125.3823,111.6208,122.3242,119.2661,13.7615,1.5291,65.7492,35.1682,107.0336,146.789,61.1621,84.0979,126.9113,94.8012,73.3945,74.9235,56.5749,44.3425,24.4648,129.9694,108.5627,38.2263,116.208,90.2141,125.3823,103.9755,143.7309,10.7034,81.0398,114.6789,3.0581,113.1498,45.8716,13.7615,123.8532,105.5046,102.4465,137.6147,146.789,149.8471,13.7615,81.0398,64.2202,67.2783,96.3303,146.789,45.8716,99.3884,128.4404,45.8716,84.0979,76.4526,77.9817,47.4006,22.9358,96.3303
Node_8,26.4853,19.3271,17.8955,17.8955,49.3916,42.9492,38.6543,46.5283,45.0966,48.6757,20.7588,44.3808,34.3593,25.0537,30.7802,53.6865,15.0322,65.1396,17.1797,7.1582,45.8125,26.4853,67.287,51.539,54.4023,66.5712,59.413,19.3271,20.0429,55.1181,53.6865,20.0429,56.5497,63.7079,9.3057,6.4424,20.0429,55.8339,27.2011,18.6113,45.8125,66.5712,14.3164,27.2011,5.0107,40.0859,4.2949,10.0215,44.3808,20.7588,61.5605,66.5712,38.6543,40.0859,27.917,27.2011,53.6865,34.3593,11.4531,71.582,32.2119,64.4238,35.0752,60.8447,33.6435,71.582,67.287,15.0322,51.539,50.1074,0.7158,8.5898,24.3379,70.8661,52.2548,2.8633,55.1181,10.7373,37.9384,37.9384,42.9492,27.2011,51.539,59.413,46.5283,62.9921,23.622,67.287,41.5175,19.3271,28.6328,46.5283,65.8554,39.3701,30.0644,2.8633,7.874,64.4238,57.2656,59.413,41.5175,41.5175,30.0644,34.3593,20.0429,54.4023,50.1074,47.9599,68.0029,59.413,44.3808,35.791,17.8955,21.4746,29.3486,70.8661,0.7158,8.5898,65.1396,39.3701,22.9062,47.2441,68.7187,42.9492,65.1396,32.2119,20.0429,13.6006,70.1503,26.4853,8.5898,51.539,68.0029,2.1475,45.8125,57.2656,57.2656,60.1288,7.874,8.5898,39.3701,54.4023,9.3057,68.7187,60.1288,27.2011,40.8017,12.8848,52.2548,42.9492,57.2656,50.1074,30.7802,17.8955,56.5497,70.1503,40.8017,17.1797,57.9814,30.7802,26.4853,30.0644,35.791,2.8633,68.7187,68.0029,24.3379,12.1689,51.539,42.2334,28.6328,60.8447,2.1475,67.287,16.4639,67.287,52.2548,39.3701,23.622,66.5712,25.7695,60.1288,47.2441,5.7266,66.5712,28.6328,0.7158,12.1689,50.8232,50.1074,12.8848,37.9384,52.2548,29.3486,40.8017,17.8955,52.9707,38.6543,68.0029,12.1689,20.0429,2.1475,60.8447,2.1475,63.7079,20.7588,61.5605,25.0537,31.4961,30.0644,41.5175,43.665,4.2949,55.8339,45.0966,30.0644,60.1288,60.1288,15.0322,61.5605,64.4238,66.5712,40.0859,33.6435,58.6972,52.2548,57.2656,55.8339,6.4424,0.7158,30.7802,16.4639,50.1074,68.7187,28.6328,39.3701,59.413,44.3808,34.3593,35.0752,26.4853,20.7588,11.4531,60.8447,50.8232,17.8955,54.4023,42.2334,58.6972,48.6757,67.287,5.0107,37.9384,53.6865,1.4316,52.9707,21.4746,6.4424,57.9814,49.3916,47.9599,64.4238,68.7187,70.1503,6.4424,37.9384,30.0644,31.4961,45.0966,68.7187,21.4746,46.5283,60.1288,21.4746,39.3701,35.791,36.5068,22.1904,10.7373,45.0966
Node_9,51.3176,37.448,34.6741,34.6741,95.7004,83.2178,74.896,90.1526,87.3786,94.3135,40.2219,85.9917,66.5742,48.5437,59.6394,104.0222,29.1262,126.2136,33.2871,13.8696,88.7656,51.3176,130.3745,99.8613,105.4092,128.9875,115.1179,37.448,38.835,106.7961,104.0222,38.835,109.57,123.4397,18.0305,12.4827,38.835,108.1831,52.7046,36.061,88.7656,128.9875,27.7393,52.7046,9.7087,77.6699,8.3218,19.4175,85.9917,40.2219,119.2788,128.9875,74.896,77.6699,54.0915,52.7046,104.0222,66.5742,22.1914,138.6963,62.4133,124.8266,67.9612,117.8918,65.1872,138.6963,130.3745,29.1262,99.8613,97.0874,1.387,16.6436,47.1567,137.3093,101.2483,5.5479,106.7961,20.8044,73.509,73.509,83.2178,52.7046,99.8613,115.1179,90.1526,122.0527,45.7698,130.3745,80.4438,37.448,55.4785,90.1526,127.6006,76.2829,58.2524,5.5479,15.2566,124.8266,110.957,115.1179,80.4438,80.4438,58.2524,66.5742,38.835,105.4092,97.0874,92.9265,131.7614,115.1179,85.9917,69.3481,34.6741,41.6089,56.8655,137.3093,1.387,16.6436,126.2136,76.2829,44.3828,91.5395,133.1484,83.2178,126.2136,62.4133,38.835,26.3523,135.9223,51.3176,16.6436,99.8613,131.7614,4.1609,88.7656,110.957,110.957,116.5049,15.2566,16.6436,76.2829,105.4092,18.0305,133.1484,116.5049,52.7046,79.0569,24.9653,101.2483,83.2178,110.957,97.0874,59.6394,34.6741,109.57,135.9223,79.0569,33.2871,112.344,59.6394,51.3176,58.2524,69.3481,5.5479,133.1484,131.7614,47.1567,23.5784,99.8613,81.8308,55.4785,117.8918,4.1609,130.3745,31.9001,130.3745,101.2483,76.2829,45.7698,128.9875,49.9307,116.5049,91.5395,11.0957,128.9875,55.4785,1.387,23.5784,98.4743,97.0874,24.9653,73.509,101.2483,56.8655,79.0569,34.6741,102.6352,74.896,131.7614,23.5784,38.835,4.1609,117.8918,4.1609,123.4397,40.2219,119.2788,48.5437,61.0264,58.2524,80.4438,84.6047,8.3218,108.1831,87.3786,58.2524,116.5049,116.5049,29.1262,119.2788,124.8266,128.9875,77.6699,65.1872,113.7309,101.2483,110.957,108.1831,12.4827,1.387,59.6394,31.9001,97.0874,133.1484,55.4785,76.2829,115.1179,85.9917,66.5742,67.9612,51.3176,40.2219,22.1914,117.8918,98.4743,34.6741,105.4092,81.8308,113.7309,94.3135,130.3745,9.7087,73.509,104.0222,2.7739,102.6352,41.6089,12.4827,112.344,95.7004,92.9265,124.8266,133.1484,135.9223,12.4827,73.509,58.2524,61.0264,87.3786,133.1484,41.6089,90.1526,116.5049,41.6089,76.2829,69.3481,70.7351,42.9958,20.8044,87.3786
Node_10,33.6976,24.5902,22.7687,22.7687,62.8415,54.6448,49.1803,59.1985,57.377,61.9308,26.4117,56.4663,43.7158,31.8761,39.1621,68.306,19.1257,82.878,21.8579,9.1075,58.2878,33.6976,85.6102,65.5738,69.2168,84.6995,75.592,24.5902,25.5009,70.1275,68.306,25.5009,71.949,81.0565,11.8397,8.1967,25.5009,71.0383,34.6084,23.6794,58.2878,84.6995,18.2149,34.6084,6.3752,51.0018,5.4645,12.7505,56.4663,26.4117,78.3242,84.6995,49.1803,51.0018,35.5191,34.6084,68.306,43.7158,14.5719,91.0747,40.9836,81.9672,44.6266,77.4135,42.8051,91.0747,85.6102,19.1257,65.5738,63.7523,0.9107,10.929,30.9654,90.1639,66.4845,3.643,70.1275,13.6612,48.2696,48.2696,54.6448,34.6084,65.5738,75.592,59.1985,80.1457,30.0546,85.6102,52.8233,24.5902,36.4299,59.1985,83.7887,50.0911,38.2514,3.643,10.0182,81.9672,72.8597,75.592,52.8233,52.8233,38.2514,43.7158,25.5009,69.2168,63.7523,61.02,86.5209,75.592,56.4663,45.5373,22.7687,27.3224,37.3406,90.1639,0.9107,10.929,82.878,50.0911,29.1439,60.1093,87.4317,54.6448,82.878,40.9836,25.5009,17.3042,89.2532,33.6976,10.929,65.5738,86.5209,2.7322,58.2878,72.8597,72.8597,76.5027,10.0182,10.929,50.0911,69.2168,11.8397,87.4317,76.5027,34.6084,51.9126,16.3934,66.4845,54.6448,72.8597,63.7523,39.1621,22.7687,71.949,89.2532,51.9126,21.8579,73.7705,39.1621,33.6976,38.2514,45.5373,3.643,87.4317,86.5209,30.9654,15.4827,65.5738,53.7341,36.4299,77.4135,2.7322,85.6102,20.9472,85.6102,66.4845,50.0911,30.0546,84.6995,32.7869,76.5027,60.1093,7.286,84.6995,36.4299,0.9107,15.4827,64.663,63.7523,16.3934,48.2696,66.4845,37.3406,51.9126,22.7687,67.3953,49.1803,86.5209,15.4827,25.5009,2.7322,77.4135,2.7322,81.0565,26.4117,78.3242,31.8761,40.0729,38.2514,52.8233,55.5556,5.4645,71.0383,57.377,38.2514,76.5027,76.5027,19.1257,78.3242,81.9672,84.6995,51.0018,42.8051,74.6812,66.4845,72.8597,71.0383,8.1967,0.9107,39.1621,20.9472,63.7523,87.4317,36.4299,50.0911,75.592,56.4663,43.7158,44.6266,33.6976,26.4117,14.5719,77.4135,64.663,22.7687,69.2168,53.7341,74.6812,61.9308,85.6102,6.3752,48.2696,68.306,1.8215,67.3953,27.3224,8.1967,73.7705,62.8415,61.02,81.9672,87.4317,89.2532,8.1967,48.2696,38.2514,40.0729,57.377,87.4317,27.3224,59.1985,76.5027,27.3224,50.0911,45.5373,46.4481,28.2332,13.6612,57.377
Node_11,36.4532,26.601,24.6305,24.6305,67.9803,59.1133,53.202,64.0394,62.069,66.9951,28.5714,61.0837,47.2906,34.4828,42.3645,73.8916,20.6897,89.6552,23.6453,9.8522,63.0542,36.4532,92.6108,70.936,74.8768,91.6256,81.7734,26.601,27.5862,75.8621,73.8916,27.5862,77.8325,87.6847,12.8079,8.867,27.5862,76.8473,37.4384,25.6158,63.0542,91.6256,19.7044,37.4384,6.8966,55.1724,5.9113,13.7931,61.0837,28.5714,84.7291,91.6256,53.202,55.1724,38.4236,37.4384,73.8916,47.2906,15.7635,98.5222,44.335,88.67,48.2759,83.7438,46.3054,98.5222,92.6108,20.6897,70.936,68.9655,0.9852,11.8227,33.4975,97.5369,71.9212,3.9409,75.8621,14.7783,52.2167,52.2167,59.1133,37.4384,70.936,81.7734,64.0394,86.6995,32.5123,92.6108,57.1429,26.601,39.4089,64.0394,90.6404,54.1872,41.3793,3.9409,10.8374,88.67,78.8177,81.7734,57.1429,57.1429,41.3793,47.2906,27.5862,74.8768,68.9655,66.0099,93.5961,81.7734,61.0837,49.2611,24.6305,29.5567,40.3941,97.5369,0.9852,11.8227,89.6552,54.1872,31.5271,65.0246,94.5813,59.1133,89.6552,44.335,27.5862,18.7192,96.5517,36.4532,11.8227,70.936,93.5961,2.9557,63.0542,78.8177,78.8177,82.7586,10.8374,11.8227,54.1872,74.8768,12.8079,94.5813,82.7586,37.4384,56.1576,17.734,71.9212,59.1133,78.8177,68.9655,42.3645,24.6305,77.8325,96.5517,56.1576,23.6453,79.803,42.3645,36.4532,41.3793,49.2611,3.9409,94.5813,93.5961,33.4975,16.7488,70.936,58.1281,39.4089,83.7438,2.9557,92.6108,22.6601,92.6108,71.9212,54.1872,32.5123,91.6256,35.468,82.7586,65.0246,7.8818,91.6256,39.4089,0.9852,16.7488,69.9507,68.9655,17.734,52.2167,71.9212,40.3941,56.1576,24.6305,72.9064,53.202,93.5961,16.7488,27.5862,2.9557,83.7438,2.9557,87.6847,28.5714,84.7291,34.4828,43.3498,41.3793,57.1429,60.0985,5.9113,76.8473,62.069,41.3793,82.7586,82.7586,20.6897,84.7291,88.67,91.6256,55.1724,46.3054,80.7882,71.9212,78.8177,76.8473,8.867,0.9852,42.3645,22.6601,68.9655,94.5813,39.4089,54.1872,81.7734,61.0837,47.2906,48.2759,36.4532,28.5714,15.7635,83.7438,69.9507,24.6305,74.8768,58.1281,80.7882,66.9951,92.6108,6.8966,52.2167,73.8916,1.9704,72.9064,29.5567,8.867,79.803,67.9803,66.0099,88.67,94.5813,96.5517,8.867,52.2167,41.3793,43.3498,62.069,94.5813,29.5567,64.0394,82.7586,29.5567,54.1872,49.2611,50.2463,30.5419,14.7783,62.069
Node_12,38.4216,28.0374,25.9605,25.9605,71.6511,62.3053,56.0748,67.4974,65.4206,70.6127,30.1142,64.3821,49.8442,36.3448,44.6521,77.8816,21.8069,94.4964,24.9221,10.3842,66.459,38.4216,97.6116,74.7664,78.92,96.5732,86.189,28.0374,29.0758,79.9585,77.8816,29.0758,82.0353,92.4195,13.4995,9.3458,29.0758,80.9969,39.46,26.999,66.459,96.5732,20.7684,39.46,7.269,58.1516,6.2305,14.5379,64.3821,30.1142,89.3043,96.5732,56.0748,58.1516,40.4984,39.46,77.8816,49.8442,16.6147,103.8422,46.729,93.4579,50.8827,88.2658,48.8058,103.8422,97.6116,21.8069,74.7664,72.6895,1.0384,12.4611,35.3063,102.8037,75.8048,4.1537,79.9585,15.5763,55.0363,55.0363,62.3053,39.46,74.7664,86.189,67.4974,91.3811,34.2679,97.6116,60.2285,28.0374,41.5369,67.4974,95.5348,57.1132,43.6137,4.1537,11.4226,93.4579,83.0737,86.189,60.2285,60.2285,43.6137,49.8442,29.0758,78.92,72.6895,69.5742,98.6501,86.189,64.3821,51.9211,25.9605,31.1526,42.5753,102.8037,1.0384,12.4611,94.4964,57.1132,33.2295,68.5358,99.6885,62.3053,94.4964,46.729,29.0758,19.73,101.7653,38.4216,12.4611,74.7664,98.6501,3.1153,66.459,83.0737,83.0737,87.2274,11.4226,12.4611,57.1132,78.92,13.4995,99.6885,87.2274,39.46,59.19,18.6916,75.8048,62.3053,83.0737,72.6895,44.6521,25.9605,82.0353,101.7653,59.19,24.9221,84.1121,44.6521,38.4216,43.6137,51.9211,4.1537,99.6885,98.6501,35.3063,17.6532,74.7664,61.2669,41.5369,88.2658,3.1153,97.6116,23.8837,97.6116,75.8048,57.1132,34.2679,96.5732,37.3832,87.2274,68.5358,8.3074,96.5732,41.5369,1.0384,17.6532,73.7279,72.6895,18.6916,55.0363,75.8048,42.5753,59.19,25.9605,76.8432,56.0748,98.6501,17.6532,29.0758,3.1153,88.2658,3.1153,92.4195,30.1142,89.3043,36.3448,45.6906,43.6137,60.2285,63.3437,6.2305,80.9969,65.4206,43.6137,87.2274,87.2274,21.8069,89.3043,93.4579,96.5732,58.1516,48.8058,85.1506,75.8048,83.0737,80.9969,9.3458,1.0384,44.6521,23.8837,72.6895,99.6885,41.5369,57.1132,86.189,64.3821,49.8442,50.8827,38.4216,30.1142,16.6147,88.2658,73.7279,25.9605,78.92,61.2669,85.1506,70.6127,97.6116,7.269,55.0363,77.8816,2.0768,76.8432,31.1526,9.3458,84.1121,71.6511,69.5742,93.4579,99.6885,101.7653,9.3458,55.0363,43.6137,45.6906,65.4206,99.6885,31.1526,67.4974,87.2274,31.1526,57.1132,51.9211,52.9595,32.1911,15.5763,65.4206
Node_13,29.2259,21.327,19.7472,19.7472,54.5024,47.3934,42.654,51.3428,49.763,53.7125,22.9068,48.9731,37.9147,27.6461,33.9652,59.2417,16.5877,71.8799,18.9573,7.8989,50.5529,29.2259,74.2496,56.872,60.0316,73.4597,65.5608,21.327,22.1169,60.8215,59.2417,22.1169,62.4013,70.3002,10.2686,7.109,22.1169,61.6114,30.0158,20.5371,50.5529,73.4597,15.7978,30.0158,5.5292,44.2338,4.7393,11.0585,48.9731,22.9068,67.9305,73.4597,42.654,44.2338,30.8057,30.0158,59.2417,37.9147,12.6382,78.9889,35.545,71.09,38.7046,67.1406,37.1248,78.9889,74.2496,16.5877,56.872,55.2923,0.7899,9.4787,26.8562,78.1991,57.6619,3.1596,60.8215,11.8483,41.8641,41.8641,47.3934,30.0158,56.872,65.5608,51.3428,69.5103,26.0664,74.2496,45.8136,21.327,31.5956,51.3428,72.6698,43.4439,33.1754,3.1596,8.6888,71.09,63.1912,65.5608,45.8136,45.8136,33.1754,37.9147,22.1169,60.0316,55.2923,52.9226,75.0395,65.5608,48.9731,39.4945,19.7472,23.6967,32.3855,78.1991,0.7899,9.4787,71.8799,43.4439,25.2765,52.1327,75.8294,47.3934,71.8799,35.545,22.1169,15.0079,77.4092,29.2259,9.4787,56.872,75.0395,2.3697,50.5529,63.1912,63.1912,66.3507,8.6888,9.4787,43.4439,60.0316,10.2686,75.8294,66.3507,30.0158,45.0237,14.218,57.6619,47.3934,63.1912,55.2923,33.9652,19.7472,62.4013,77.4092,45.0237,18.9573,63.981,33.9652,29.2259,33.1754,39.4945,3.1596,75.8294,75.0395,26.8562,13.4281,56.872,46.6035,31.5956,67.1406,2.3697,74.2496,18.1675,74.2496,57.6619,43.4439,26.0664,73.4597,28.436,66.3507,52.1327,6.3191,73.4597,31.5956,0.7899,13.4281,56.0821,55.2923,14.218,41.8641,57.6619,32.3855,45.0237,19.7472,58.4518,42.654,75.0395,13.4281,22.1169,2.3697,67.1406,2.3697,70.3002,22.9068,67.9305,27.6461,34.7551,33.1754,45.8136,48.1833,4.7393,61.6114,49.763,33.1754,66.3507,66.3507,16.5877,67.9305,71.09,73.4597,44.2338,37.1248,64.7709,57.6619,63.1912,61.6114,7.109,0.7899,33.9652,18.1675,55.2923,75.8294,31.5956,43.4439,65.5608,48.9731,37.9147,38.7046,29.2259,22.9068,12.6382,67.1406,56.0821,19.7472,60.0316,46.6035,64.7709,53.7125,74.2496,5.5292,41.8641,59.2417,1.5798,58.4518,23.6967,7.109,63.981,54.5024,52.9226,71.09,75.8294,77.4092,7.109,41.8641,33.1754,34.7551,49.763,75.8294,23.6967,51.3428,66.3507,23.6967,43.4439,39.4945,40.2844,24.4866,11.8483,49.763
